1,Teresa,Valentine,teresa.valentine@example.com,Sales
2,Becky,Garcia,becky.garcia@example.com,Finance
3,Richard,Arnold,richard.arnold@example.com,HR
4,Christopher,Brooks,christopher.brooks@example.com,Finance
5,Joseph,Kaufman,joseph.kaufman@example.com,Engineering
6,Jeffery,Beltran,jeffery.beltran@example.com,Finance
7,Robert,Hoffman,robert.hoffman@example.com,Marketing
8,Judith,Mitchell,judith.mitchell@example.com,Marketing
9,Richard,Lee,richard.lee@example.com,HR
10,Melanie,Jones,melanie.jones@example.com,Sales
11,Sara,Porter,sara.porter@example.com,HR
12,Joseph,Schmidt,joseph.schmidt@example.com,HR
13,Tonya,Dominguez,tonya.dominguez@example.com,HR
14,Lynn,Johnson,lynn.johnson@example.com,Marketing
15,Bobby,Dalton,bobby.dalton@example.com,Finance
16,Caitlin,Murray,caitlin.murray@example.com,HR
17,Sabrina,Jones,sabrina.jones@example.com,Finance
18,Scott,Jones,scott.jones@example.com,Sales
19,Michele,Richardson,michele.richardson@example.com,Finance
20,Diane,Valdez,diane.valdez@example.com,Engineering
21,Joe,Williams,joe.williams@example.com,Finance
22,Amanda,French,amanda.french@example.com,Sales
23,Alan,Gallegos,alan.gallegos@example.com,HR
24,Marie,Clark,marie.clark@example.com,Sales
25,Julian,Keith,julian.keith@example.com,Finance
26,Benjamin,Mann,benjamin.mann@example.com,Sales
27,Ronald,Buchanan,ronald.buchanan@example.com,Sales
28,Jacob,Harris,jacob.harris@example.com,HR
29,Kathryn,Taylor,kathryn.taylor@example.com,Engineering
30,Maria,Giles,maria.giles@example.com,Marketing
31,Gary,Cameron,gary.cameron@example.com,Engineering
32,Christopher,Knapp,christopher.knapp@example.com,HR
33,Randy,Herrera,randy.herrera@example.com,Finance
34,Michael,Jones,michael.jones@example.com,Engineering
35,Nicholas,Bonilla,nicholas.bonilla@example.com,Engineering
36,Leslie,Johnson,leslie.johnson@example.com,Engineering
37,Joan,Hogan,joan.hogan@example.com,Finance
38,Linda,Boyd,linda.boyd@example.com,Finance
39,Barbara,Arnold,barbara.arnold@example.com,Engineering
40,Joseph,Morris,joseph.morris@example.com,Engineering
41,Stephen,Ramos,stephen.ramos@example.com,Sales
42,Christine,Barnes,christine.barnes@example.com,Finance
43,Adam,Nicholson,adam.nicholson@example.com,Marketing
44,Kristin,Robinson,kristin.robinson@example.com,Sales
45,Barbara,Davidson,barbara.davidson@example.com,Finance
46,Brenda,Williams,brenda.williams@example.com,Engineering
47,Michael,Patterson,michael.patterson@example.com,Engineering
48,Michael,Solomon,michael.solomon@example.com,Engineering
49,Debra,Maldonado,debra.maldonado@example.com,Sales
50,Austin,Bailey,austin.bailey@example.com,Finance
